<metadata xml:lang="en"><Esri><CreaDate>20171007</CreaDate><CreaTime>16451100</CreaTime><ArcGISFormat>1.0</ArcGISFormat><ArcGISstyle>FGDC CSDGM Metadata</ArcGISstyle><SyncOnce>FALSE</SyncOnce><DataProperties><lineage><Process Name="Extract by Mask (2)" ToolSource="c:\program files (x86)\arcgis\desktop10.3\ArcToolbox\Toolboxes\Spatial Analyst Tools.tbx\ExtractByMask" Date="20171007" Time="164511">ExtractByMask "D:\GIS\Projects\CONABIO\GIS\Connectivity_Workshop_Prep\Data\Source\Climate Refugia\data\v101\inputs.gdb\OtherCoreAreaValues_vRefugia_Clim_Exp_Topo_Heter_Modoc" D:\GIS\Projects\CONABIO\GIS\Connectivity_Workshop_Prep\Data\Input\Modoc_SubRegion_Inputs.gdb\Boundary D:\GIS\Projects\CONABIO\GIS\Connectivity_Workshop_Prep\Data\Input\Modoc_SubRegion_Inputs.gdb\climate_refugia_modoc</Process><Process Name="Copy Raster (2)" ToolSource="c:\program files (x86)\arcgis\desktop10.3\ArcToolbox\Toolboxes\Data Management Tools.tbx\CopyRaster" Date="20171007" Time="165115">CopyRaster D:\GIS\Projects\CONABIO\GIS\Connectivity_Workshop_Prep\Data\Input\Modoc_SubRegion_Inputs.gdb\climate_refugia_modoc D:\GIS\Projects\CONABIO\GIS\Connectivity\Tools\LinkageMapper_2_0_0_beta3\LM_demo\demoData\LP_Demo_Modoc.gdb\climate_refugia_modoc # # -3.402823e+038 NONE NONE # NONE NONE</Process><Process ToolSource="c:\program files (x86)\arcgis\desktop10.3\ArcToolbox\Toolboxes\Data Management Tools.tbx\CalculateStatistics" Date="20171007" Time="200616">CalculateStatistics D:\GIS\LinkageMapper_2_0_0_beta3\LM_demo\demoData\LP_Demo_Modoc.gdb\climate_refugia_modoc 1 1 # OVERWRITE "Feature Set"</Process><Process ToolSource="c:\program files (x86)\arcgis\desktop10.3\ArcToolbox\Toolboxes\Data Management Tools.tbx\BuildPyramids" Date="20171007" Time="200617">BuildPyramids D:\GIS\LinkageMapper_2_0_0_beta3\LM_demo\demoData\LP_Demo_Modoc.gdb\climate_refugia_modoc -1 NONE NEAREST DEFAULT 75 OVERWRITE</Process><Process ToolSource="c:\program files (x86)\arcgis\desktop10.3\ArcToolbox\Toolboxes\Data Management Tools.tbx\CalculateStatistics" Date="20171007" Time="211848">CalculateStatistics D:\GIS\LinkageMapper_2_0_0_beta3\LM_demo\demoData\LP_Demo_Modoc.gdb\climate_refugia_modoc 1 1 # OVERWRITE "Feature Set"</Process><Process ToolSource="c:\program files (x86)\arcgis\desktop10.3\ArcToolbox\Toolboxes\Data Management Tools.tbx\BuildPyramids" Date="20171007" Time="211849">BuildPyramids D:\GIS\LinkageMapper_2_0_0_beta3\LM_demo\demoData\LP_Demo_Modoc.gdb\climate_refugia_modoc -1 NONE NEAREST DEFAULT 75 OVERWRITE</Process><Process ToolSource="c:\program files (x86)\arcgis\desktop10.3\ArcToolbox\Toolboxes\Data Management Tools.tbx\CalculateStatistics" Date="20171007" Time="212102">CalculateStatistics D:\GIS\LinkageMapper_2_0_0_beta3\LM_demo\demoData\LP_Demo_Modoc.gdb\climate_refugia_modoc 1 1 # OVERWRITE "Feature Set"</Process><Process ToolSource="c:\program files (x86)\arcgis\desktop10.3\ArcToolbox\Toolboxes\Data Management Tools.tbx\BuildPyramids" Date="20171007" Time="212102">BuildPyramids D:\GIS\LinkageMapper_2_0_0_beta3\LM_demo\demoData\LP_Demo_Modoc.gdb\climate_refugia_modoc -1 NONE NEAREST DEFAULT 75 OVERWRITE</Process><Process ToolSource="c:\program files (x86)\arcgis\desktop10.3\ArcToolbox\Toolboxes\Data Management Tools.tbx\CalculateStatistics" Date="20171007" Time="215305">CalculateStatistics D:\GIS\LinkageMapper_2_0_0_beta3\LM_demo\demoData\LP_Demo_Modoc.gdb\climate_refugia_modoc 1 1 # OVERWRITE "Feature Set"</Process><Process ToolSource="c:\program files (x86)\arcgis\desktop10.3\ArcToolbox\Toolboxes\Data Management Tools.tbx\BuildPyramids" Date="20171007" Time="215305">BuildPyramids D:\GIS\LinkageMapper_2_0_0_beta3\LM_demo\demoData\LP_Demo_Modoc.gdb\climate_refugia_modoc -1 NONE NEAREST DEFAULT 75 OVERWRITE</Process><Process ToolSource="c:\program files (x86)\arcgis\desktop10.3\ArcToolbox\Toolboxes\Data Management Tools.tbx\CalculateStatistics" Date="20171007" Time="220536">CalculateStatistics D:\GIS\LinkageMapper_2_0_0_beta3\LM_demo\demoData\LP_Demo_Modoc.gdb\climate_refugia_modoc 1 1 # OVERWRITE "Feature Set"</Process><Process ToolSource="c:\program files (x86)\arcgis\desktop10.3\ArcToolbox\Toolboxes\Data Management Tools.tbx\BuildPyramids" Date="20171007" Time="220536">BuildPyramids D:\GIS\LinkageMapper_2_0_0_beta3\LM_demo\demoData\LP_Demo_Modoc.gdb\climate_refugia_modoc -1 NONE NEAREST DEFAULT 75 OVERWRITE</Process><Process ToolSource="c:\program files (x86)\arcgis\desktop10.3\ArcToolbox\Toolboxes\Data Management Tools.tbx\CalculateStatistics" Date="20171010" Time="112807">CalculateStatistics D:\GIS\LinkageMapper_2_0_0_beta4\LM_demo\demoData\LP_Demo_Modoc.gdb\climate_refugia_modoc 1 1 # OVERWRITE "Feature Set"</Process><Process ToolSource="c:\program files (x86)\arcgis\desktop10.3\ArcToolbox\Toolboxes\Data Management Tools.tbx\BuildPyramids" Date="20171010" Time="112807">BuildPyramids D:\GIS\LinkageMapper_2_0_0_beta4\LM_demo\demoData\LP_Demo_Modoc.gdb\climate_refugia_modoc -1 NONE NEAREST DEFAULT 75 OVERWRITE</Process><Process ToolSource="c:\program files (x86)\arcgis\desktop10.3\ArcToolbox\Toolboxes\Data Management Tools.tbx\CalculateStatistics" Date="20171010" Time="113124">CalculateStatistics D:\GIS\LinkageMapper_2_0_0_beta4\LM_demo\demoData\LP_Demo_Modoc.gdb\climate_refugia_modoc 1 1 # OVERWRITE "Feature Set"</Process><Process ToolSource="c:\program files (x86)\arcgis\desktop10.3\ArcToolbox\Toolboxes\Data Management Tools.tbx\BuildPyramids" Date="20171010" Time="113124">BuildPyramids D:\GIS\LinkageMapper_2_0_0_beta4\LM_demo\demoData\LP_Demo_Modoc.gdb\climate_refugia_modoc -1 NONE NEAREST DEFAULT 75 OVERWRITE</Process><Process ToolSource="c:\program files (x86)\arcgis\desktop10.3\ArcToolbox\Toolboxes\Data Management Tools.tbx\CalculateStatistics" Date="20171010" Time="114810">CalculateStatistics D:\GIS\LinkageMapper_2_0_0_beta4\LM_demo\demoData\LP_Demo_Modoc.gdb\climate_refugia_modoc 1 1 # OVERWRITE "Feature Set"</Process><Process ToolSource="c:\program files (x86)\arcgis\desktop10.3\ArcToolbox\Toolboxes\Data Management Tools.tbx\BuildPyramids" Date="20171010" Time="114810">BuildPyramids D:\GIS\LinkageMapper_2_0_0_beta4\LM_demo\demoData\LP_Demo_Modoc.gdb\climate_refugia_modoc -1 NONE NEAREST DEFAULT 75 OVERWRITE</Process><Process ToolSource="c:\program files (x86)\arcgis\desktop10.3\ArcToolbox\Toolboxes\Data Management Tools.tbx\CalculateStatistics" Date="20171010" Time="115418">CalculateStatistics D:\GIS\LinkageMapper_2_0_0_beta4\LM_demo\demoData\LP_Demo_Modoc.gdb\climate_refugia_modoc 1 1 # OVERWRITE "Feature Set"</Process><Process ToolSource="c:\program files (x86)\arcgis\desktop10.3\ArcToolbox\Toolboxes\Data Management Tools.tbx\BuildPyramids" Date="20171010" Time="115418">BuildPyramids D:\GIS\LinkageMapper_2_0_0_beta4\LM_demo\demoData\LP_Demo_Modoc.gdb\climate_refugia_modoc -1 NONE NEAREST DEFAULT 75 OVERWRITE</Process><Process ToolSource="c:\program files (x86)\arcgis\desktop10.3\ArcToolbox\Toolboxes\Data Management Tools.tbx\CalculateStatistics" Date="20171010" Time="123640">CalculateStatistics D:\GIS\LinkageMapper_2_0_0_beta4\LM_demo\demoData\LP_Demo_Modoc.gdb\climate_refugia_modoc 1 1 # OVERWRITE "Feature Set"</Process><Process ToolSource="c:\program files (x86)\arcgis\desktop10.3\ArcToolbox\Toolboxes\Data Management Tools.tbx\BuildPyramids" Date="20171010" Time="123640">BuildPyramids D:\GIS\LinkageMapper_2_0_0_beta4\LM_demo\demoData\LP_Demo_Modoc.gdb\climate_refugia_modoc -1 NONE NEAREST DEFAULT 75 OVERWRITE</Process><Process ToolSource="c:\program files (x86)\arcgis\desktop10.3\ArcToolbox\Toolboxes\Data Management Tools.tbx\CalculateStatistics" Date="20171010" Time="130800">CalculateStatistics D:\GIS\LinkageMapper_2_0_0_beta4\LM_demo\demoData\LP_Demo_Modoc.gdb\climate_refugia_modoc 1 1 # OVERWRITE "Feature Set"</Process><Process ToolSource="c:\program files (x86)\arcgis\desktop10.3\ArcToolbox\Toolboxes\Data Management Tools.tbx\BuildPyramids" Date="20171010" Time="130800">BuildPyramids D:\GIS\LinkageMapper_2_0_0_beta4\LM_demo\demoData\LP_Demo_Modoc.gdb\climate_refugia_modoc -1 NONE NEAREST DEFAULT 75 OVERWRITE</Process><Process ToolSource="c:\program files (x86)\arcgis\desktop10.3\ArcToolbox\Toolboxes\Data Management Tools.tbx\CalculateStatistics" Date="20171010" Time="131601">CalculateStatistics D:\GIS\LinkageMapper_2_0_0_beta4\LM_demo\demoData\LP_Demo_Modoc.gdb\climate_refugia_modoc 1 1 # OVERWRITE "Feature Set"</Process><Process ToolSource="c:\program files (x86)\arcgis\desktop10.3\ArcToolbox\Toolboxes\Data Management Tools.tbx\BuildPyramids" Date="20171010" Time="131601">BuildPyramids D:\GIS\LinkageMapper_2_0_0_beta4\LM_demo\demoData\LP_Demo_Modoc.gdb\climate_refugia_modoc -1 NONE NEAREST DEFAULT 75 OVERWRITE</Process><Process ToolSource="c:\program files (x86)\arcgis\desktop10.3\ArcToolbox\Toolboxes\Data Management Tools.tbx\CalculateStatistics" Date="20171010" Time="133619">CalculateStatistics D:\GIS\LinkageMapper_2_0_0_beta4\LM_demo\demoData\LP_Demo_Modoc.gdb\climate_refugia_modoc 1 1 # OVERWRITE "Feature Set"</Process><Process ToolSource="c:\program files (x86)\arcgis\desktop10.3\ArcToolbox\Toolboxes\Data Management Tools.tbx\BuildPyramids" Date="20171010" Time="133619">BuildPyramids D:\GIS\LinkageMapper_2_0_0_beta4\LM_demo\demoData\LP_Demo_Modoc.gdb\climate_refugia_modoc -1 NONE NEAREST DEFAULT 75 OVERWRITE</Process><Process ToolSource="c:\program files (x86)\arcgis\desktop10.3\ArcToolbox\Toolboxes\Data Management Tools.tbx\CalculateStatistics" Date="20171010" Time="141949">CalculateStatistics D:\GIS\LinkageMapper_2_0_0_beta4\LM_demo\demoData\LP_Demo_Modoc.gdb\climate_refugia_modoc 1 1 # OVERWRITE "Feature Set"</Process><Process ToolSource="c:\program files (x86)\arcgis\desktop10.3\ArcToolbox\Toolboxes\Data Management Tools.tbx\BuildPyramids" Date="20171010" Time="141949">BuildPyramids D:\GIS\LinkageMapper_2_0_0_beta4\LM_demo\demoData\LP_Demo_Modoc.gdb\climate_refugia_modoc -1 NONE NEAREST DEFAULT 75 OVERWRITE</Process><Process ToolSource="c:\program files (x86)\arcgis\desktop10.3\ArcToolbox\Toolboxes\Data Management Tools.tbx\CalculateStatistics" Date="20171010" Time="152152">CalculateStatistics D:\GIS\LinkageMapper_2_0_0_beta4\LM_demo\demoData\LP_Demo_Modoc.gdb\climate_refugia_modoc 1 1 # OVERWRITE "Feature Set"</Process><Process ToolSource="c:\program files (x86)\arcgis\desktop10.3\ArcToolbox\Toolboxes\Data Management Tools.tbx\BuildPyramids" Date="20171010" Time="152153">BuildPyramids D:\GIS\LinkageMapper_2_0_0_beta4\LM_demo\demoData\LP_Demo_Modoc.gdb\climate_refugia_modoc -1 NONE NEAREST DEFAULT 75 OVERWRITE</Process><Process ToolSource="c:\program files (x86)\arcgis\desktop10.3\ArcToolbox\Toolboxes\Data Management Tools.tbx\CalculateStatistics" Date="20171010" Time="154926">CalculateStatistics D:\GIS\LinkageMapper_2_0_0_beta4\LM_demo\demoData\LP_Demo_Modoc.gdb\climate_refugia_modoc 1 1 # OVERWRITE "Feature Set"</Process><Process ToolSource="c:\program files (x86)\arcgis\desktop10.3\ArcToolbox\Toolboxes\Data Management Tools.tbx\BuildPyramids" Date="20171010" Time="154927">BuildPyramids D:\GIS\LinkageMapper_2_0_0_beta4\LM_demo\demoData\LP_Demo_Modoc.gdb\climate_refugia_modoc -1 NONE NEAREST DEFAULT 75 OVERWRITE</Process><Process ToolSource="c:\program files (x86)\arcgis\desktop10.3\ArcToolbox\Toolboxes\Data Management Tools.tbx\CalculateStatistics" Date="20171010" Time="194040">CalculateStatistics D:\GIS\LinkageMapper_2_0_0_beta4\LM_demo\demoData\LP_Demo_Modoc.gdb\climate_refugia_modoc 1 1 # OVERWRITE "Feature Set"</Process><Process ToolSource="c:\program files (x86)\arcgis\desktop10.3\ArcToolbox\Toolboxes\Data Management Tools.tbx\BuildPyramids" Date="20171010" Time="194040">BuildPyramids D:\GIS\LinkageMapper_2_0_0_beta4\LM_demo\demoData\LP_Demo_Modoc.gdb\climate_refugia_modoc -1 NONE NEAREST DEFAULT 75 OVERWRITE</Process><Process ToolSource="c:\program files (x86)\arcgis\desktop10.3\ArcToolbox\Toolboxes\Data Management Tools.tbx\CalculateStatistics" Date="20171010" Time="202024">CalculateStatistics D:\GIS\LinkageMapper_2_0_0_beta4\LM_demo\demoData\LP_Demo_Modoc.gdb\climate_refugia_modoc 1 1 # OVERWRITE "Feature Set"</Process><Process ToolSource="c:\program files (x86)\arcgis\desktop10.3\ArcToolbox\Toolboxes\Data Management Tools.tbx\BuildPyramids" Date="20171010" Time="202024">BuildPyramids D:\GIS\LinkageMapper_2_0_0_beta4\LM_demo\demoData\LP_Demo_Modoc.gdb\climate_refugia_modoc -1 NONE NEAREST DEFAULT 75 OVERWRITE</Process><Process ToolSource="c:\program files (x86)\arcgis\desktop10.3\ArcToolbox\Toolboxes\Data Management Tools.tbx\CalculateStatistics" Date="20171010" Time="204313">CalculateStatistics D:\GIS\LinkageMapper_2_0_0_beta4\LM_demo\demoData\LP_Demo_Modoc.gdb\climate_refugia_modoc 1 1 # OVERWRITE "Feature Set"</Process><Process ToolSource="c:\program files (x86)\arcgis\desktop10.3\ArcToolbox\Toolboxes\Data Management Tools.tbx\BuildPyramids" Date="20171010" Time="204313">BuildPyramids D:\GIS\LinkageMapper_2_0_0_beta4\LM_demo\demoData\LP_Demo_Modoc.gdb\climate_refugia_modoc -1 NONE NEAREST DEFAULT 75 OVERWRITE</Process><Process ToolSource="c:\program files (x86)\arcgis\desktop10.3\ArcToolbox\Toolboxes\Data Management Tools.tbx\CalculateStatistics" Date="20171010" Time="210932">CalculateStatistics D:\GIS\LinkageMapper_2_0_0_beta4\LM_demo\demoData\LP_Demo_Modoc.gdb\climate_refugia_modoc 1 1 # OVERWRITE "Feature Set"</Process><Process ToolSource="c:\program files (x86)\arcgis\desktop10.3\ArcToolbox\Toolboxes\Data Management Tools.tbx\BuildPyramids" Date="20171010" Time="210933">BuildPyramids D:\GIS\LinkageMapper_2_0_0_beta4\LM_demo\demoData\LP_Demo_Modoc.gdb\climate_refugia_modoc -1 NONE NEAREST DEFAULT 75 OVERWRITE</Process><Process ToolSource="c:\program files (x86)\arcgis\desktop10.3\ArcToolbox\Toolboxes\Data Management Tools.tbx\CalculateStatistics" Date="20171010" Time="211845">CalculateStatistics D:\GIS\LinkageMapper_2_0_0_beta4\LM_demo\demoData\LP_Demo_Modoc.gdb\climate_refugia_modoc 1 1 # OVERWRITE "Feature Set"</Process><Process ToolSource="c:\program files (x86)\arcgis\desktop10.3\ArcToolbox\Toolboxes\Data Management Tools.tbx\BuildPyramids" Date="20171010" Time="211845">BuildPyramids D:\GIS\LinkageMapper_2_0_0_beta4\LM_demo\demoData\LP_Demo_Modoc.gdb\climate_refugia_modoc -1 NONE NEAREST DEFAULT 75 OVERWRITE</Process><Process ToolSource="c:\program files (x86)\arcgis\desktop10.3\ArcToolbox\Toolboxes\Data Management Tools.tbx\CalculateStatistics" Date="20171010" Time="220437">CalculateStatistics D:\GIS\LinkageMapper_2_0_0_beta4\LM_demo\demoData\LP_Demo_Modoc.gdb\climate_refugia_modoc 1 1 # OVERWRITE "Feature Set"</Process><Process ToolSource="c:\program files (x86)\arcgis\desktop10.3\ArcToolbox\Toolboxes\Data Management Tools.tbx\BuildPyramids" Date="20171010" Time="220437">BuildPyramids D:\GIS\LinkageMapper_2_0_0_beta4\LM_demo\demoData\LP_Demo_Modoc.gdb\climate_refugia_modoc -1 NONE NEAREST DEFAULT 75 OVERWRITE</Process><Process ToolSource="c:\program files (x86)\arcgis\desktop10.3\ArcToolbox\Toolboxes\Data Management Tools.tbx\CalculateStatistics" Date="20181009" Time="132852">CalculateStatistics D:\GIS\Repositories\linkagemapper\demo\demoData\LP_Demo_Modoc.gdb\climate_refugia_modoc 1 1 # OVERWRITE "Feature Set"</Process><Process ToolSource="c:\program files (x86)\arcgis\desktop10.3\ArcToolbox\Toolboxes\Data Management Tools.tbx\BuildPyramids" Date="20181009" Time="132854">BuildPyramids D:\GIS\Repositories\linkagemapper\demo\demoData\LP_Demo_Modoc.gdb\climate_refugia_modoc -1 NONE NEAREST DEFAULT 75 OVERWRITE</Process><Process ToolSource="c:\program files (x86)\arcgis\desktop10.3\ArcToolbox\Toolboxes\Data Management Tools.tbx\CalculateStatistics" Date="20181009" Time="135235">CalculateStatistics D:\GIS\Repositories\linkagemapper\demo\demoData\LP_Demo_Modoc.gdb\climate_refugia_modoc 1 1 # OVERWRITE "Feature Set"</Process><Process ToolSource="c:\program files (x86)\arcgis\desktop10.3\ArcToolbox\Toolboxes\Data Management Tools.tbx\BuildPyramids" Date="20181009" Time="135237">BuildPyramids D:\GIS\Repositories\linkagemapper\demo\demoData\LP_Demo_Modoc.gdb\climate_refugia_modoc -1 NONE NEAREST DEFAULT 75 OVERWRITE</Process><Process ToolSource="c:\program files (x86)\arcgis\desktop10.3\ArcToolbox\Toolboxes\Data Management Tools.tbx\CalculateStatistics" Date="20181009" Time="140617">CalculateStatistics D:\GIS\Repositories\linkagemapper\demo\demoData\LP_Demo_Modoc.gdb\climate_refugia_modoc 1 1 # OVERWRITE "Feature Set"</Process><Process ToolSource="c:\program files (x86)\arcgis\desktop10.3\ArcToolbox\Toolboxes\Data Management Tools.tbx\BuildPyramids" Date="20181009" Time="140617">BuildPyramids D:\GIS\Repositories\linkagemapper\demo\demoData\LP_Demo_Modoc.gdb\climate_refugia_modoc -1 NONE NEAREST DEFAULT 75 OVERWRITE</Process><Process ToolSource="c:\program files (x86)\arcgis\desktop10.3\ArcToolbox\Toolboxes\Data Management Tools.tbx\CalculateStatistics" Date="20181009" Time="141953">CalculateStatistics D:\GIS\Repositories\linkagemapper\demo\demoData\LP_Demo_Modoc.gdb\climate_refugia_modoc 1 1 # OVERWRITE "Feature Set"</Process><Process ToolSource="c:\program files (x86)\arcgis\desktop10.3\ArcToolbox\Toolboxes\Data Management Tools.tbx\BuildPyramids" Date="20181009" Time="141955">BuildPyramids D:\GIS\Repositories\linkagemapper\demo\demoData\LP_Demo_Modoc.gdb\climate_refugia_modoc -1 NONE NEAREST DEFAULT 75 OVERWRITE</Process><Process ToolSource="c:\program files (x86)\arcgis\desktop10.3\ArcToolbox\Toolboxes\Data Management Tools.tbx\CalculateStatistics" Date="20181009" Time="151811">CalculateStatistics D:\GIS\Repositories\linkagemapper\demo\demoData\LP_Demo_Modoc.gdb\climate_refugia_modoc 1 1 # OVERWRITE "Feature Set"</Process><Process ToolSource="c:\program files (x86)\arcgis\desktop10.3\ArcToolbox\Toolboxes\Data Management Tools.tbx\BuildPyramids" Date="20181009" Time="151813">BuildPyramids D:\GIS\Repositories\linkagemapper\demo\demoData\LP_Demo_Modoc.gdb\climate_refugia_modoc -1 NONE NEAREST DEFAULT 75 OVERWRITE</Process></lineage><itemProps><itemName Sync="TRUE">climate_refugia_modoc.tif</itemName><imsContentType Sync="TRUE">002</imsContentType><nativeExtBox><westBL Sync="TRUE">-142006.980103</westBL><eastBL Sync="TRUE">326.137175</eastBL><southBL Sync="TRUE">312355.764038</southBL><northBL Sync="TRUE">432395.742465</northBL><exTypeCode Sync="TRUE">1</exTypeCode></nativeExtBox><itemLocation><linkage Sync="TRUE">file://G:\lm-fork\demo\data\climate_refugia_modoc.tif</linkage><protocol Sync="TRUE">Local Area Network</protocol></itemLocation></itemProps><coordRef><type Sync="TRUE">Projected</type><geogcsn Sync="TRUE">GCS_North_American_1983</geogcsn><csUnits Sync="TRUE">Linear Unit: Meter (1.000000)</csUnits><projcsn Sync="TRUE">NAD_1983_California_Teale_Albers</projcsn><peXml Sync="TRUE">&lt;ProjectedCoordinateSystem xsi:type='typens:ProjectedCoordinateSystem' xmlns:xsi='http://www.w3.org/2001/XMLSchema-instance' xmlns:xs='http://www.w3.org/2001/XMLSchema' xmlns:typens='http://www.esri.com/schemas/ArcGIS/10.8'&gt;&lt;WKT&gt;PROJCS[&amp;quot;NAD_1983_California_Teale_Albers&amp;quot;,GEOGCS[&amp;quot;GCS_North_American_1983&amp;quot;,DATUM[&amp;quot;D_North_American_1983&amp;quot;,SPHEROID[&amp;quot;GRS_1980&amp;quot;,6378137.0,298.257222101]],PRIMEM[&amp;quot;Greenwich&amp;quot;,0.0],UNIT[&amp;quot;Degree&amp;quot;,0.0174532925199433]],PROJECTION[&amp;quot;Albers&amp;quot;],PARAMETER[&amp;quot;False_Easting&amp;quot;,0.0],PARAMETER[&amp;quot;False_Northing&amp;quot;,-4000000.0],PARAMETER[&amp;quot;Central_Meridian&amp;quot;,-120.0],PARAMETER[&amp;quot;Standard_Parallel_1&amp;quot;,34.0],PARAMETER[&amp;quot;Standard_Parallel_2&amp;quot;,40.5],PARAMETER[&amp;quot;Latitude_Of_Origin&amp;quot;,0.0],UNIT[&amp;quot;Meter&amp;quot;,1.0],AUTHORITY[&amp;quot;EPSG&amp;quot;,3310]]&lt;/WKT&gt;&lt;XOrigin&gt;-16909700&lt;/XOrigin&gt;&lt;YOrigin&gt;-8597000&lt;/YOrigin&gt;&lt;XYScale&gt;266332319.7555542&lt;/XYScale&gt;&lt;ZOrigin&gt;-100000&lt;/ZOrigin&gt;&lt;ZScale&gt;10000&lt;/ZScale&gt;&lt;MOrigin&gt;-100000&lt;/MOrigin&gt;&lt;MScale&gt;10000&lt;/MScale&gt;&lt;XYTolerance&gt;0.001&lt;/XYTolerance&gt;&lt;ZTolerance&gt;0.001&lt;/ZTolerance&gt;&lt;MTolerance&gt;0.001&lt;/MTolerance&gt;&lt;HighPrecision&gt;true&lt;/HighPrecision&gt;&lt;WKID&gt;3310&lt;/WKID&gt;&lt;LatestWKID&gt;3310&lt;/LatestWKID&gt;&lt;/ProjectedCoordinateSystem&gt;</peXml></coordRef><RasterProperties><General><PixelDepth Sync="TRUE">32</PixelDepth><HasColormap Sync="TRUE">FALSE</HasColormap><CompressionType Sync="TRUE">LZW</CompressionType><NumBands Sync="TRUE">1</NumBands><Format Sync="TRUE">TIFF</Format><HasPyramids Sync="TRUE">TRUE</HasPyramids><SourceType Sync="TRUE">continuous</SourceType><PixelType Sync="TRUE">floating point</PixelType><NoDataValue Sync="TRUE">-3.4028231e+38</NoDataValue></General></RasterProperties></DataProperties><SyncDate>20210215</SyncDate><SyncTime>14382200</SyncTime><ModDate>20210215</ModDate><ModTime>14382200</ModTime></Esri><dataIdInfo><envirDesc Sync="TRUE"> Version 6.2 (Build 9200) ; Esri ArcGIS 10.8.1.14362</envirDesc><dataLang><languageCode value="eng" Sync="TRUE"></languageCode><countryCode value="USA" Sync="TRUE"></countryCode></dataLang><idCitation><resTitle Sync="TRUE">climate_refugia_modoc.tif</resTitle><presForm><PresFormCd value="005" Sync="TRUE"></PresFormCd></presForm></idCitation><spatRpType><SpatRepTypCd value="002" Sync="TRUE"></SpatRepTypCd></spatRpType><dataExt><geoEle><GeoBndBox esriExtentType="search"><exTypeCode Sync="TRUE">1</exTypeCode><westBL Sync="TRUE">-121.708312</westBL><eastBL Sync="TRUE">-119.996076</eastBL><northBL Sync="TRUE">41.909500</northBL><southBL Sync="TRUE">40.816169</southBL></GeoBndBox></geoEle></dataExt></dataIdInfo><mdLang><languageCode value="eng" Sync="TRUE"></languageCode><countryCode value="USA" Sync="TRUE"></countryCode></mdLang><distInfo><distFormat><formatName Sync="TRUE">Raster Dataset</formatName></distFormat></distInfo><mdHrLv><ScopeCd value="005" Sync="TRUE"></ScopeCd></mdHrLv><mdHrLvName Sync="TRUE">dataset</mdHrLvName><refSysInfo><RefSystem><refSysID><identCode code="3310" Sync="TRUE"></identCode><idCodeSpace Sync="TRUE">EPSG</idCodeSpace><idVersion Sync="TRUE">6.8(9.2.0)</idVersion></refSysID></RefSystem></refSysInfo><spdoinfo><rastinfo><rasttype Sync="TRUE">Pixel</rasttype><rowcount Sync="TRUE">140</rowcount><colcount Sync="TRUE">166</colcount><rastxsz Sync="TRUE">857.428417</rastxsz><rastysz Sync="TRUE">857.428417</rastysz><rastbpp Sync="TRUE">32</rastbpp><vrtcount Sync="TRUE">1</vrtcount><rastorig Sync="TRUE">Upper Left</rastorig><rastcmap Sync="TRUE">FALSE</rastcmap><rastcomp Sync="TRUE">LZ77</rastcomp><rastband Sync="TRUE">1</rastband><rastdtyp Sync="TRUE">pixel codes</rastdtyp><rastifor Sync="TRUE">FGDBR</rastifor><rastplyr Sync="TRUE">TRUE</rastplyr></rastinfo></spdoinfo><spref><horizsys><planar><planci><plance Sync="TRUE">row and column</plance><coordrep><absres Sync="TRUE">857.428417</absres><ordres Sync="TRUE">857.428417</ordres></coordrep></planci></planar></horizsys></spref><mdDateSt Sync="TRUE">20210215</mdDateSt><spatRepInfo><Georect><cellGeo><CellGeoCd Sync="TRUE" value="002"></CellGeoCd></cellGeo><numDims Sync="TRUE">2</numDims><tranParaAv Sync="TRUE">1</tranParaAv><chkPtAv Sync="TRUE">0</chkPtAv><cornerPts><pos Sync="TRUE">-142006.980103 312355.764038</pos></cornerPts><cornerPts><pos Sync="TRUE">-142006.980103 432395.742465</pos></cornerPts><cornerPts><pos Sync="TRUE">326.137175 432395.742465</pos></cornerPts><cornerPts><pos Sync="TRUE">326.137175 312355.764038</pos></cornerPts><centerPt><pos Sync="TRUE">-70840.421464 372375.753252</pos></centerPt><axisDimension type="002"><dimSize Sync="TRUE">166</dimSize><dimResol><value Sync="TRUE" uom="m">857.428417</value></dimResol></axisDimension><axisDimension type="001"><dimSize Sync="TRUE">140</dimSize><dimResol><value Sync="TRUE" uom="m">857.428417</value></dimResol></axisDimension><ptInPixel><PixOrientCd Sync="TRUE" value="001"></PixOrientCd></ptInPixel></Georect></spatRepInfo><contInfo><ImgDesc><contentTyp><ContentTypCd Sync="TRUE" value="001"></ContentTypCd></contentTyp><covDim><Band><dimDescrp Sync="TRUE">Band_1</dimDescrp><maxVal Sync="TRUE">0.831307</maxVal><minVal Sync="TRUE">0.132084</minVal><bitsPerVal Sync="TRUE">32</bitsPerVal><valUnit><UOM type="length"></UOM></valUnit></Band></covDim></ImgDesc></contInfo></metadata>
